CET,Max TemperatureC,Mean TemperatureC,Min TemperatureC,Dew PointC,MeanDew PointC,Min DewpointC,Max Humidity, Mean Humidity, Min Humidity, Max Sea Level PressurehPa, Mean Sea Level PressurehPa, Min Sea Level PressurehPa, Max VisibilityKm, Mean VisibilityKm, Min VisibilitykM, Max Wind SpeedKm/h, Mean Wind SpeedKm/h, Max Gust SpeedKm/h,Precipitationmm, CloudCover, Events,WindDirDegrees
1998-1-1,7,4,3,6,4,2,100,95,93,1012,1010,1005,5,1,0,23,16,,0.00,6,Fog,216
1998-1-2,5,4,4,4,4,3,100,96,93,1005,996,993,10,5,0,27,19,,0.00,6,Fog-Rain,159
1998-1-3,6,4,4,5,4,3,100,94,93,994,990,980,10,6,3,47,21,63,0.00,6,Rain,174
1998-1-4,6,4,3,4,3,2,100,90,81,992,989,982,10,10,10,45,37,66,0.00,5,Rain,228
1998-1-5,5,3,1,4,3,1,100,95,93,991,987,985,10,10,7,34,21,,0.00,6,Rain,225
1998-1-6,4,2,1,3,2,0,100,93,87,1006,997,990,10,7,5,23,13,,0.00,5,Fog,262
1998-1-7,6,3,2,5,3,1,100,94,93,1007,1003,999,10,7,4,32,21,,0.00,6,Rain,218
1998-1-8,6,4,3,4,3,2,100,92,87,1013,1008,1002,10,10,10,35,24,,0.00,4,Rain,248
1998-1-9,4,2,1,4,2,0,100,95,93,1023,1020,1013,10,6,0,24,11,,0.00,5,Fog-Rain,205
1998-1-10,9,7,4,6,5,4,100,91,71,1023,1022,1020,9,2,0,34,16,,0.00,5,Fog,220
1998-1-11,8,4,1,5,3,1,100,91,76,1019,1018,1016,9,7,5,29,21,,0.00,3,Fog,228
1998-1-12,5,2,0,4,2,-1,100,96,93,1016,1015,1014,8,3,0,21,11,,0.00,4,Fog,230
1998-1-13,5,4,3,4,3,2,100,96,93,1013,1011,1008,1,0,0,21,10,,0.00,8,Fog,166
1998-1-14,7,4,2,6,3,2,100,94,93,1008,1007,1006,10,5,2,32,18,,0.00,5,Rain,158
1998-1-15,6,4,4,6,4,3,100,93,87,1011,1008,1005,10,10,10,40,32,55,0.00,6,Rain,212
1998-1-16,7,6,5,5,4,4,100,93,87,1005,1003,1002,10,8,5,29,24,,0.00,6,Rain,209
1998-1-17,6,3,1,4,2,0,100,89,70,1009,1007,1003,10,9,6,42,27,64,0.00,4,Rain-Snow,254
1998-1-18,5,2,0,5,2,-1,100,92,70,1008,1004,994,10,8,5,37,16,,0.00,7,Rain-Snow,202
1998-1-19,4,3,2,3,2,-1,100,93,70,996,991,988,10,10,8,35,24,,0.00,6,Rain,144
1998-1-20,4,1,-2,3,-2,-7,100,80,69,1029,1013,997,10,10,3,39,29,58,0.00,6,Rain-Snow,20
1998-1-21,-1,-3,-4,-4,-6,-7,80,74,69,1037,1035,1029,10,10,10,26,21,,0.00,5,,24
1998-1-22,3,-1,-4,0,-2,-5,100,91,75,1038,1037,1036,10,9,5,13,8,,0.00,3,,20
1998-1-23,1,-1,-2,0,-1,-2,100,95,93,1036,1031,1021,5,1,0,21,8,,0.00,7,Fog-Snow,271
1998-1-24,1,-1,-2,0,-2,-5,100,85,75,1035,1027,1019,10,9,5,45,29,63,0.00,4,Rain-Snow,28
1998-1-25,2,-2,-5,-4,-6,-9,93,79,52,1037,1036,1035,10,10,10,26,14,,0.00,1,Fog,5
1998-1-26,2,-3,-8,-1,-4,-9,100,92,81,1035,1033,1028,10,10,9,24,8,,0.00,2,Fog,244
1998-1-27,3,1,-1,2,0,-2,100,92,81,1027,1018,1008,10,7,4,35,29,52,0.00,7,Rain-Snow,245
1998-1-28,4,-1,-5,3,-7,-11,93,63,38,1017,1013,1007,10,9,7,34,23,34,0.00,5,Rain,331
1998-1-29,4,-2,-7,-1,-5,-9,93,82,60,1020,1018,1013,10,9,6,23,10,,0.00,3,,263
1998-1-30,4,-1,-5,2,-5,-17,100,69,33,1014,1007,1003,10,10,3,39,29,52,0.00,5,Rain-Snow,315
1998-1-31,-4,-7,-9,-14,-17,-19,68,44,31,1025,1021,1015,10,10,10,45,32,63,0.00,1,,341
1998-2-1,-2,-6,-9,-10,-12,-13,86,64,43,1025,1021,1014,10,10,10,32,19,,0.00,4,,249
1998-2-2,-1,-3,-5,-1,-5,-10,100,87,64,1013,1001,992,10,5,1,35,26,,0.00,6,Snow,225
1998-2-3,-1,-3,-5,-2,-5,-7,100,86,74,1007,997,986,10,9,1,47,31,61,0.00,5,Snow,290
1998-2-4,3,0,-3,2,1,-4,100,93,87,1007,1004,1002,10,6,3,39,24,,0.00,6,Rain-Snow,232
1998-2-5,6,3,1,4,2,1,100,91,70,1012,1008,1006,10,9,5,32,24,,0.00,6,Rain,255
1998-2-6,5,4,3,4,3,2,100,96,93,1018,1016,1012,7,3,1,29,21,,0.00,7,Fog-Rain,246
1998-2-7,3,1,0,2,1,0,100,88,81,1018,1013,1009,10,6,1,32,21,,0.00,6,Rain-Snow,216
1998-2-8,6,3,2,3,2,1,100,89,76,1020,1017,1011,10,9,3,37,26,52,0.00,4,Rain,263
1998-2-9,5,4,3,4,3,2,100,96,93,1019,1017,1016,5,1,0,34,27,,0.00,8,Fog-Rain,237
1998-2-10,7,6,4,6,4,2,100,90,81,1022,1017,1015,8,6,2,34,26,,0.00,7,,248
1998-2-11,7,6,4,6,4,3,100,94,87,1022,1016,1009,8,3,1,40,29,53,0.00,7,Rain,241
1998-2-12,10,8,7,8,8,6,100,93,87,1016,1011,1009,10,6,2,40,31,55,0.00,7,Rain,270
1998-2-13,7,4,3,7,4,2,100,94,81,1028,1024,1016,10,8,2,23,16,,0.00,6,Rain,101
1998-2-14,10,7,3,8,7,2,100,93,87,1026,1021,1019,5,3,1,35,21,55,0.00,7,Fog-Rain,250
1998-2-15,9,7,6,8,7,6,100,94,93,1019,1018,1015,6,3,0,34,24,,0.00,8,Fog-Rain,269
1998-2-16,9,6,2,7,4,-2,100,89,75,1014,1004,997,10,6,1,42,29,71,0.00,7,Rain,262
1998-2-17,5,1,-2,3,-2,-5,93,77,49,1029,1025,1014,10,10,10,35,23,,0.00,5,,289
1998-2-18,13,8,4,7,6,4,100,89,67,1026,1025,1023,10,8,3,39,29,63,0.00,6,,274
1998-2-19,7,6,4,5,4,2,100,86,76,1022,1019,1016,10,5,2,37,23,53,0.00,7,,267
1998-2-20,7,6,5,6,6,4,100,94,87,1022,1021,1017,7,3,1,32,24,,0.00,7,,231
1998-2-21,10,7,3,7,4,3,100,91,76,1017,1011,1006,5,3,2,27,23,,0.00,5,Rain,193
1998-2-22,9,7,5,7,4,2,100,85,62,1021,1013,1005,10,8,2,32,24,,0.00,5,Rain,250
1998-2-23,8,4,2,6,4,2,100,91,71,1022,1020,1017,10,8,4,45,26,55,0.00,5,,244
1998-2-24,9,8,7,7,7,6,100,89,82,1029,1022,1017,10,10,10,45,29,63,0.00,6,,290
1998-2-25,11,8,5,7,6,5,100,88,71,1031,1030,1028,10,8,1,32,14,50,0.00,5,Rain,269
1998-2-26,8,7,5,5,3,1,100,80,66,1028,1022,1016,10,9,5,39,27,64,0.00,6,,252
1998-2-27,7,6,4,5,3,1,100,83,66,1015,1002,991,10,8,3,55,43,84,0.00,6,Rain,241
1998-2-28,5,3,1,3,-1,-3,100,76,57,999,992,990,10,10,6,50,37,80,0.00,3,Rain-Snow,264
1998-3-1,4,1,-1,1,-2,-6,100,83,64,1008,1002,999,10,9,0,42,27,66,0.00,4,Snow,268
1998-3-2,5,0,-5,2,-1,-7,100,87,64,1010,1003,998,10,9,0,42,26,77,0.00,5,Rain-Snow-Hail-Thunderstorm,244
1998-3-3,8,4,2,7,4,1,100,96,93,1005,998,987,10,6,1,32,19,,0.00,7,Rain,210
1998-3-4,9,6,3,8,5,1,100,91,81,992,987,981,10,8,1,50,32,69,0.00,6,Fog-Rain,248
1998-3-5,5,0,-4,3,0,-6,100,91,80,1010,998,992,10,8,0,34,24,,0.00,5,Rain-Snow-Thunderstorm,273
1998-3-6,5,1,-2,0,-3,-5,93,76,52,1009,1006,1004,10,10,7,48,31,66,0.00,3,Rain,261
1998-3-7,1,-1,-3,-1,-2,-4,100,90,70,1008,1001,997,10,7,1,27,16,,0.00,6,Snow,66
1998-3-8,1,0,-1,-1,-5,-11,100,74,44,1011,1004,998,10,8,1,37,26,53,0.00,4,Snow,4
1998-3-9,2,-2,-5,-4,-7,-10,100,65,48,1023,1018,1011,10,10,10,32,19,45,0.00,1,,329
1998-3-10,4,-1,-6,-3,-6,-10,100,69,38,1028,1026,1024,10,10,10,26,11,,0.00,1,Fog,245
1998-3-11,3,1,0,-4,-6,-8,70,60,52,1024,1019,1016,10,10,10,45,34,52,0.00,5,,161
1998-3-12,3,1,-1,0,-4,-6,100,74,56,1018,1016,1014,10,9,1,35,27,50,0.00,6,Snow,247
1998-3-13,7,1,-4,4,-1,-5,100,85,65,1019,1013,1007,10,9,5,34,21,55,0.00,4,Rain-Snow,276
1998-3-14,6,1,-3,0,-5,-8,100,62,36,1021,1016,1010,10,10,10,39,21,60,0.00,3,,322
1998-3-15,6,3,0,2,1,-1,93,88,66,1023,1022,1020,10,10,10,19,11,,0.00,5,Rain-Snow,198
1998-3-16,11,6,2,8,4,2,100,86,67,1023,1020,1019,10,7,1,32,18,48,0.00,6,Fog,269
1998-3-17,7,6,5,6,4,3,100,92,81,1022,1021,1018,10,7,2,27,11,,0.00,6,Rain,272
1998-3-18,10,7,3,5,2,-2,93,73,46,1023,1021,1019,10,10,9,47,29,66,0.00,3,Rain,275
1998-3-19,7,3,0,2,-4,-9,100,61,42,1030,1026,1021,10,10,1,48,31,80,0.00,3,Rain,302
1998-3-20,6,2,-2,0,-4,-7,100,63,39,1027,1025,1022,10,10,10,37,21,55,0.00,1,,330
1998-3-21,6,2,-2,-1,-3,-6,87,66,42,1031,1030,1027,10,10,10,29,18,,0.00,3,,349
1998-3-22,4,1,-2,1,-1,-4,100,89,60,1036,1032,1030,10,7,1,29,11,,0.00,7,Snow,164
1998-3-23,5,2,-1,-1,-3,-6,100,75,45,1042,1040,1036,10,10,1,27,19,47,0.00,2,Snow,101
1998-3-24,5,1,-3,0,-2,-4,100,83,53,1039,1037,1034,10,10,10,19,11,,0.00,3,Fog,165
1998-3-25,6,2,-2,1,-1,-3,100,81,65,1034,1032,1028,9,8,7,26,16,,0.00,6,,192
1998-3-26,7,4,2,1,-1,-2,87,71,53,1028,1023,1013,9,9,8,39,24,55,0.00,8,,169
1998-3-27,11,7,3,7,3,-1,100,82,50,1016,1011,1009,10,7,1,35,27,50,0.00,6,Fog-Rain,238
1998-3-28,11,6,0,6,3,-1,100,88,67,1020,1019,1016,10,8,2,16,11,,0.00,3,Fog,213
1998-3-29,9,6,2,4,3,1,100,86,66,1020,1020,1019,10,10,7,24,16,,0.00,6,,131
1998-3-30,9,6,2,4,3,1,93,80,66,1020,1018,1014,10,10,10,32,16,,0.00,6,,137
1998-3-31,16,10,4,10,6,3,100,79,55,1014,1010,1009,10,7,0,37,21,45,0.00,6,Fog,251
1998-4-1,9,4,0,7,4,-1,100,94,87,1014,1010,1007,10,8,2,29,18,,0.00,6,Rain-Snow,70
1998-4-2,1,0,-1,-1,-3,-5,93,83,65,1014,1012,1010,10,8,2,37,29,63,0.00,6,Snow,81
1998-4-3,3,1,-1,2,1,-1,100,94,87,1010,1004,996,10,6,2,55,39,85,0.00,7,Rain-Snow,90
1998-4-4,9,6,3,7,4,3,100,96,82,998,995,992,10,7,1,37,24,,0.00,7,Rain,152
1998-4-5,11,7,4,9,6,4,100,95,87,1004,1001,998,10,8,4,23,14,,0.00,6,Rain,193
1998-4-6,12,8,4,8,6,4,100,90,71,1007,1005,1003,10,8,0,21,8,,0.00,6,Fog-Rain,169
1998-4-7,8,6,3,5,4,3,100,93,81,1007,1004,1000,10,7,0,23,16,,0.00,6,Fog,113
1998-4-8,6,4,3,3,2,0,100,86,70,1005,1000,997,10,10,10,27,21,,0.00,6,Rain,61
1998-4-9,5,3,1,-1,-4,-7,81,63,45,1007,1006,1005,10,10,10,37,21,50,0.00,6,,112
1998-4-10,8,4,1,3,1,-3,87,77,66,1006,1004,1000,10,10,10,35,29,48,0.00,6,,99
1998-4-11,6,4,3,4,3,2,100,93,81,1000,995,992,9,7,4,35,26,58,0.00,7,Rain,89
1998-4-12,8,6,3,5,3,1,100,89,71,999,995,993,10,7,2,24,14,,0.00,5,Rain,195
1998-4-13,7,4,3,4,3,1,100,86,76,1000,999,998,10,10,10,32,14,,0.00,6,,193
1998-4-14,7,4,3,3,2,0,93,79,61,1007,1003,998,10,10,10,32,21,,0.00,4,Rain,189
1998-4-15,8,6,4,4,2,0,93,78,57,1007,1004,997,10,10,10,37,21,45,0.00,7,Rain,150
1998-4-16,7,4,3,5,4,3,100,89,76,996,992,991,10,9,4,35,23,,0.00,5,Rain,162
1998-4-17,10,6,1,5,3,0,100,80,54,1001,998,995,10,9,6,23,14,,0.00,7,,148
1998-4-18,12,8,4,4,2,-1,93,75,41,1005,1002,1000,10,10,10,27,13,,0.00,6,,8
1998-4-19,9,6,2,3,2,0,100,79,54,1011,1007,1005,10,10,10,24,11,,0.00,5,,8
1998-4-20,10,5,0,4,2,0,100,77,50,1015,1014,1011,10,8,1,19,11,,0.00,2,Fog,157
1998-4-21,11,7,4,5,3,1,87,75,54,1023,1018,1015,10,10,10,27,18,,0.00,6,Rain,137
1998-4-22,12,7,2,7,4,1,100,86,54,1024,1024,1023,10,10,10,19,13,,0.00,6,,104
1998-4-23,15,10,6,10,7,5,100,87,67,1024,1021,1017,10,7,1,23,11,,0.00,5,,111
1998-4-24,14,9,5,9,7,5,100,88,67,1017,1014,1012,10,5,0,32,18,,0.00,6,Fog-Rain,128
1998-4-25,13,10,7,10,8,7,100,93,82,1015,1014,1010,5,4,1,26,18,,0.00,6,Fog-Rain,184
1998-4-26,13,11,9,10,9,7,100,93,82,1010,1007,1006,10,7,3,26,18,,0.00,6,Rain,188
1998-4-27,15,11,8,13,9,8,100,92,82,1007,1004,1001,10,6,1,21,10,,0.00,7,Rain,22
1998-4-28,15,12,9,12,9,8,94,89,77,1009,1003,999,10,7,5,26,13,,0.00,6,,217
1998-4-29,16,12,9,12,9,7,100,88,68,1011,1010,1009,7,5,2,16,8,,0.00,6,Rain,41
1998-4-30,21,14,8,11,9,7,93,71,49,1014,1012,1010,9,9,8,19,13,,0.00,3,,90
1998-5-1,19,13,8,9,8,6,94,69,43,1014,1013,1011,10,10,10,23,14,,0.00,1,,74
1998-5-2,21,14,8,13,9,7,94,76,52,1010,1007,1005,10,10,9,21,11,,0.00,2,Thunderstorm,64
1998-5-3,15,11,7,12,9,5,100,88,72,1007,1006,1005,10,8,1,27,13,,0.00,4,Fog-Rain,345
1998-5-4,9,8,7,6,4,2,93,76,62,1007,1007,1005,10,10,10,29,24,45,0.00,6,Rain,355
1998-5-5,13,8,4,8,5,2,100,79,51,1005,1002,1000,10,10,8,27,18,40,0.00,5,Rain,282
1998-5-6,13,8,4,9,7,4,100,89,58,1001,998,996,10,9,4,39,23,66,0.00,4,Rain,227
1998-5-7,14,10,6,11,8,5,100,89,72,1017,1009,1000,10,9,4,37,24,,0.00,5,Rain,241
1998-5-8,17,13,10,10,9,7,94,78,63,1025,1021,1017,10,10,9,34,23,,0.00,4,,224
1998-5-9,18,13,9,11,9,7,100,76,52,1026,1024,1021,10,10,8,26,14,,0.00,4,,163
1998-5-10,23,16,9,15,12,8,100,77,53,1023,1022,1020,9,9,8,21,11,,0.00,1,,175
1998-5-11,18,14,11,11,8,3,94,70,39,1023,1021,1019,10,9,7,42,23,,0.00,1,,2
1998-5-12,14,11,8,10,7,0,94,76,47,1031,1025,1021,10,10,10,24,16,,0.00,6,Rain,79
1998-5-13,16,11,6,6,3,1,93,59,39,1034,1033,1031,,,,26,19,,0.00,,,110
1998-5-14,17,11,5,9,5,0,87,62,47,1033,1031,1027,10,10,10,16,10,,0.00,6,,27
1998-5-15,18,14,10,9,7,2,87,70,48,1028,1027,1026,10,10,10,24,16,,0.00,4,,62
1998-5-16,17,12,8,9,6,4,94,68,42,1028,1027,1027,10,10,10,19,10,,0.00,2,,46
1998-5-17,19,13,7,10,6,4,87,61,40,1028,1027,1026,,,,19,10,,0.00,,,1
1998-5-18,20,14,8,11,9,7,100,71,46,1028,1026,1025,10,10,10,21,8,,0.00,1,Fog,215
1998-5-19,18,13,9,12,9,6,100,73,52,1025,1022,1019,10,10,9,39,19,63,0.00,4,,285
1998-5-20,15,11,8,8,4,-1,93,62,36,1019,1017,1016,10,10,10,34,26,55,0.00,2,,298
1998-5-21,12,9,6,8,6,4,100,83,67,1016,1012,1009,10,10,10,35,19,48,0.00,4,Rain,291
1998-5-22,12,8,5,6,1,-5,100,59,30,1016,1014,1011,10,10,10,35,21,53,0.00,2,,337
1998-5-23,15,9,4,9,3,0,87,63,45,1016,1014,1010,10,10,10,26,14,66,0.00,3,Rain,289
1998-5-24,13,11,9,11,9,6,100,90,71,1009,1006,1004,10,10,10,19,14,,0.00,6,Rain,284
1998-5-25,14,12,10,11,8,6,100,83,59,1004,1002,1001,10,10,4,32,19,,0.00,6,Rain,266
1998-5-26,15,12,9,12,9,8,100,89,72,1011,1004,1002,10,10,5,23,14,,0.00,6,Rain,197
1998-5-27,14,12,10,13,11,9,100,93,82,1012,1009,1006,10,7,3,21,14,,0.00,5,Rain,105
1998-5-28,18,13,9,14,11,9,100,89,73,1015,1014,1012,10,8,4,23,16,,0.00,6,Rain,83
1998-5-29,21,16,12,14,12,10,94,76,60,1015,1014,1013,10,10,10,26,19,,0.00,3,,60
1998-5-30,18,14,11,11,7,3,88,63,42,1017,1016,1014,10,10,10,34,21,55,0.00,6,,70
1998-5-31,22,16,9,17,11,4,100,82,62,1016,1012,1009,10,10,10,21,16,,0.00,4,Rain,131
1998-6-1,18,14,10,14,12,9,100,88,68,1011,1008,1007,10,8,5,24,13,,0.00,6,,260
1998-6-2,17,13,11,13,11,10,94,85,63,1013,1012,1011,10,10,10,21,16,,0.00,5,,223
1998-6-3,20,17,13,14,12,9,100,78,49,1013,1010,1007,10,9,6,37,23,,0.00,4,Rain,206
1998-6-4,18,14,12,13,11,5,100,77,55,1019,1015,1013,10,9,6,24,19,,0.00,4,Rain,250
1998-6-5,16,12,8,7,5,3,87,62,45,1024,1022,1020,10,10,10,23,16,26,0.00,3,,344
1998-6-6,17,13,10,13,11,7,100,85,68,1021,1016,1012,10,10,8,34,19,48,0.00,6,Rain,81
1998-6-7,21,16,12,17,14,11,100,91,73,1014,1009,1005,10,8,4,23,14,,0.00,6,Rain-Thunderstorm,129
1998-6-8,19,16,12,14,12,10,100,80,60,1015,1011,1005,10,9,3,35,23,48,0.00,4,Rain,237
1998-6-9,18,14,12,15,13,10,100,88,77,1015,1010,1007,10,9,5,34,19,,0.00,6,Rain,190
1998-6-10,18,16,14,16,14,13,100,91,77,1007,1003,1001,10,8,0,32,19,,0.00,6,Fog-Rain,197
1998-6-11,18,14,10,13,11,9,100,83,59,1005,1004,1003,10,8,0,16,11,,0.00,6,Fog,197
1998-6-12,17,13,11,13,9,5,100,75,55,1009,1006,1004,10,10,8,32,16,52,0.00,6,,330
1998-6-13,17,12,7,6,4,2,93,58,37,1016,1013,1009,10,10,10,35,24,53,0.00,3,,295
1998-6-14,17,12,7,11,7,4,88,67,42,1018,1017,1016,10,10,10,26,11,,0.00,1,,171
1998-6-15,19,14,10,11,7,4,94,66,40,1016,1012,1009,10,10,10,29,13,48,0.00,6,Rain,353
1998-6-16,13,12,11,12,10,9,100,91,82,1009,1004,1002,10,10,8,39,27,61,0.00,7,Rain,288
1998-6-17,15,13,11,10,8,5,88,73,59,1013,1007,1003,10,10,10,55,39,89,0.00,6,,258
1998-6-18,17,13,10,9,6,2,88,65,39,1021,1017,1013,10,10,10,39,34,60,0.00,6,Rain,267
1998-6-19,16,11,7,12,9,6,94,85,67,1021,1020,1020,10,10,9,23,10,,0.00,4,Fog-Rain,267
1998-6-20,19,12,6,11,8,2,100,70,34,1022,1022,1021,10,10,10,24,11,45,0.00,4,,302
1998-6-21,21,14,9,16,10,6,100,68,43,1022,1020,1016,10,10,10,16,10,,0.00,2,,208
1998-6-22,15,14,13,14,13,12,100,95,88,1016,1013,1011,10,8,3,26,13,,0.00,6,Rain-Thunderstorm,125
1998-6-23,19,16,12,12,9,7,94,69,46,1014,1013,1012,10,10,10,35,24,50,0.00,3,,289
1998-6-24,18,14,10,13,11,7,94,80,52,1015,1013,1012,10,10,10,23,13,,0.00,4,,348
1998-6-25,18,13,9,14,11,8,100,80,59,1015,1014,1013,10,8,0,24,13,,0.00,2,Fog,157
1998-6-26,21,17,14,15,13,10,100,80,49,1015,1013,1011,10,9,2,23,16,,0.00,5,Rain,210
1998-6-27,20,16,12,14,12,10,100,80,56,1015,1013,1010,10,9,5,26,11,,0.00,5,Fog-Rain,139
1998-6-28,20,17,13,15,13,11,100,85,60,1012,1009,1007,10,9,5,40,23,60,0.00,4,Rain-Thunderstorm,195
1998-6-29,18,14,12,13,12,10,100,83,59,1013,1012,1012,10,10,10,32,23,,0.00,3,Rain-Thunderstorm,232
1998-6-30,17,13,11,14,12,10,94,87,72,1013,1010,1008,10,10,10,24,14,,0.00,4,Rain,202
1998-7-1,15,13,12,13,12,10,100,90,77,1009,1008,1007,10,8,4,23,10,39,0.00,6,Rain,17
1998-7-2,20,15,10,14,12,9,100,82,60,1011,1010,1009,10,10,8,29,16,,0.00,3,Fog,285
1998-7-3,17,14,13,13,12,10,94,83,68,1011,1009,1007,10,10,10,29,21,,0.00,6,Rain,264
1998-7-4,16,13,12,13,12,11,100,90,77,1009,1008,1007,10,10,6,29,21,,0.00,6,Rain,284
1998-7-5,17,14,12,14,12,11,100,91,72,1006,1002,999,10,10,8,35,26,53,0.00,6,Rain,268
1998-7-6,15,12,10,12,8,6,94,75,59,1001,1000,999,10,10,7,48,32,66,0.00,5,Rain,276
1998-7-7,14,11,9,10,9,8,94,81,67,1001,999,998,10,10,10,32,24,,0.00,6,,272
1998-7-8,20,15,10,14,8,3,100,69,33,1005,1002,1000,10,10,10,23,14,,0.00,4,Rain,301
1998-7-9,15,13,12,14,12,10,100,90,72,1005,1004,1003,10,9,6,24,18,,0.00,6,Rain,249
1998-7-10,17,13,10,12,8,6,94,74,52,1008,1006,1003,10,10,10,32,23,47,0.00,5,Rain,284
1998-7-11,17,12,8,14,11,7,100,92,72,1008,1003,1000,10,9,4,26,13,,0.00,5,Fog-Rain-Thunderstorm,205
1998-7-12,19,16,12,13,10,6,94,74,43,1001,1000,1000,10,10,10,34,24,48,0.00,4,Rain,258
1998-7-13,19,16,12,16,12,7,100,77,46,1001,999,996,10,9,3,37,24,52,0.00,5,Rain,224
1998-7-14,15,13,11,12,11,10,94,87,72,1001,999,997,10,10,5,50,29,76,0.00,4,Rain,214
1998-7-15,17,13,11,11,9,7,100,74,52,1009,1005,1001,10,10,6,39,32,58,0.00,5,Rain,252
1998-7-16,18,13,9,14,9,6,100,77,52,1011,1010,1009,10,10,10,26,18,40,0.00,3,Fog,236
1998-7-17,18,14,10,14,13,9,100,91,77,1012,1011,1008,10,9,6,24,11,,0.00,5,Fog-Rain,177
1998-7-18,18,14,11,15,12,10,100,87,59,1008,1007,1005,10,9,4,40,21,60,0.00,5,Rain-Thunderstorm,215
1998-7-19,17,13,10,13,12,9,100,86,68,1013,1008,1005,10,9,3,39,24,58,0.00,5,Rain,246
1998-7-20,21,16,10,14,12,9,94,79,53,1015,1014,1013,10,10,10,21,14,,0.00,4,,186
1998-7-21,25,19,13,19,16,12,94,80,61,1012,1010,1008,10,10,9,34,13,,0.00,5,Rain-Thunderstorm,102
1998-7-22,22,18,15,19,13,8,94,75,43,1019,1016,1012,10,9,5,34,16,,0.00,3,,244
1998-7-23,22,17,13,18,14,11,100,83,53,1019,1015,1012,10,9,3,29,13,,0.00,4,Fog-Rain-Thunderstorm,144
1998-7-24,20,17,13,17,14,10,100,84,63,1018,1013,1011,10,7,1,39,19,,0.00,5,Fog-Rain,249
1998-7-25,18,14,11,12,9,6,94,72,45,1018,1018,1017,10,10,10,27,19,,0.00,3,Rain,256
1998-7-26,18,14,10,13,10,8,100,78,52,1019,1018,1018,10,10,10,23,16,,0.00,5,,240
1998-7-27,20,16,11,13,11,7,100,73,46,1018,1015,1012,10,10,10,23,11,,0.00,4,Fog,109
1998-7-28,15,13,12,13,12,10,100,91,77,1012,1009,1007,10,9,5,19,11,,0.00,6,Rain,17
1998-7-29,18,14,12,16,14,12,100,94,88,1007,1005,1000,10,7,5,23,13,,0.00,5,Rain,198
1998-7-30,19,17,14,15,13,12,100,88,64,1003,1000,997,10,9,3,34,23,45,0.00,5,Rain,224
1998-7-31,17,14,12,15,13,11,100,91,82,1010,1005,1003,10,10,7,29,23,,0.00,5,Rain,216
1998-8-1,19,16,13,14,13,12,94,85,68,1018,1015,1010,10,10,10,24,19,,0.00,6,,234
1998-8-2,19,14,11,16,12,11,100,87,72,1022,1020,1018,10,10,10,14,8,,0.00,6,Fog-Rain,354
1998-8-3,18,14,11,14,11,9,100,83,56,1022,1021,1017,10,10,10,21,8,,0.00,6,,240
1998-8-4,20,17,13,17,13,8,100,81,52,1018,1014,1012,10,8,2,32,24,,0.00,4,Rain,242
1998-8-5,19,16,13,14,12,9,94,81,56,1019,1017,1016,10,10,10,42,24,61,0.00,4,Rain,260
1998-8-6,19,16,13,14,12,10,100,83,56,1020,1019,1015,10,9,2,35,26,,0.00,6,Rain,260
1998-8-7,20,16,12,15,13,9,100,79,59,1018,1016,1015,10,10,6,29,23,,0.00,5,,280
1998-8-8,16,13,10,15,12,9,100,92,72,1018,1015,1009,10,9,3,32,16,48,0.00,6,Rain,244
1998-8-9,19,16,12,13,11,8,94,76,56,1022,1017,1010,10,10,10,32,24,47,0.00,4,Rain,326
1998-8-10,21,14,9,14,12,8,100,80,56,1024,1023,1022,10,10,10,16,10,,0.00,3,Fog,198
1998-8-11,20,17,14,14,13,11,94,80,56,1022,1021,1020,10,10,10,24,14,,0.00,5,,118
1998-8-12,20,18,15,15,13,11,94,76,60,1021,1016,1008,10,10,6,35,23,47,0.00,7,Rain-Thunderstorm,122
1998-8-13,19,16,13,15,14,12,100,87,68,1009,1007,1005,10,10,6,29,18,,0.00,5,Rain,232
1998-8-14,19,16,12,14,12,10,100,83,59,1012,1010,1008,10,10,6,26,14,,0.00,5,Rain,261
1998-8-15,19,16,13,17,16,12,94,92,83,1014,1013,1012,10,5,1,23,14,,0.00,6,Rain,204
1998-8-16,20,15,10,15,11,7,94,75,46,1018,1017,1015,10,10,10,26,18,40,0.00,5,,269
1998-8-17,21,17,14,16,14,13,94,86,60,1017,1015,1012,10,10,9,29,18,,0.00,6,,218
1998-8-18,20,16,12,15,12,8,94,76,52,1014,1012,1011,10,10,9,32,19,39,0.00,4,,271
1998-8-19,17,13,10,13,11,9,94,81,68,1016,1015,1014,10,10,10,32,21,,0.00,4,,270
1998-8-20,20,17,14,15,13,11,94,80,56,1016,1011,1005,10,10,10,34,19,53,0.00,6,Rain,225
1998-8-21,16,13,12,14,13,11,100,93,82,1005,995,990,10,9,6,40,24,60,0.00,5,Rain,225
1998-8-22,17,14,12,13,11,9,94,83,63,997,994,992,10,10,10,42,29,64,0.00,4,Rain,263
1998-8-23,16,13,11,11,9,7,88,76,55,1003,1001,997,10,10,10,42,29,63,0.00,4,Rain,270
1998-8-24,16,12,9,11,9,6,100,83,52,1003,1000,997,10,10,10,24,14,37,0.00,5,,311
1998-8-25,17,13,9,11,8,6,100,78,48,1009,1007,1003,10,10,10,42,23,63,0.00,3,Rain,277
1998-8-26,17,13,9,10,8,3,100,77,42,1010,1009,1007,10,10,10,26,19,37,0.00,2,,303
1998-8-27,17,12,8,10,8,2,100,81,37,1009,1007,1007,10,10,10,29,13,,0.00,3,Rain-Thunderstorm,274
1998-8-28,16,13,11,13,11,9,94,83,63,1012,1008,1006,10,10,4,37,21,50,0.00,5,Rain,319
1998-8-29,17,13,11,13,12,10,100,86,72,1016,1014,1012,10,10,10,23,16,,0.00,5,,341
1998-8-30,18,14,11,14,12,10,100,87,68,1017,1016,1015,10,10,10,23,13,,0.00,4,Rain-Thunderstorm,330
1998-8-31,17,13,11,13,11,10,100,86,63,1020,1017,1016,10,10,10,29,16,,0.00,4,Fog,2
1998-9-1,17,13,11,13,12,10,94,88,68,1026,1023,1020,10,10,10,23,16,,0.00,5,Rain,82
1998-9-2,16,13,10,11,9,7,94,81,55,1026,1026,1025,10,10,10,26,18,,0.00,4,,91
1998-9-3,17,13,10,11,9,7,100,80,55,1026,1023,1021,10,10,10,39,24,52,0.00,3,,96
1998-9-4,18,14,11,12,11,9,100,79,56,1021,1018,1015,10,10,10,37,27,53,0.00,2,,99
1998-9-5,18,16,13,13,12,8,94,78,52,1015,1012,1010,10,10,10,39,29,58,0.00,6,,103
1998-9-6,19,16,12,14,13,12,100,88,68,1011,1010,1009,10,10,10,24,18,,0.00,6,,77
1998-9-7,19,16,12,15,13,11,100,88,73,1011,1011,1010,10,10,8,21,13,,0.00,5,,109
1998-9-8,20,17,14,16,14,13,94,90,73,1011,1009,1007,10,7,2,24,14,,0.00,5,Rain-Thunderstorm,139
1998-9-9,17,16,14,15,14,13,94,94,88,1007,1003,999,10,8,2,35,23,53,0.00,6,Rain,177
1998-9-10,19,16,13,16,14,12,100,90,73,1001,1000,999,10,10,5,35,26,50,0.00,4,Rain,203
1998-9-11,18,16,13,14,13,12,94,88,68,1001,1000,999,10,10,10,32,24,,0.00,3,Rain,199
1998-9-12,18,14,11,15,13,10,100,93,77,1000,994,985,10,7,3,29,13,,0.00,6,Fog-Rain,28
1998-9-13,16,13,11,14,12,10,94,93,82,990,988,984,10,8,5,29,21,,0.00,6,Rain,245
1998-9-14,15,12,10,10,9,6,94,83,59,990,988,985,10,9,3,39,26,50,0.00,6,Rain,212
1998-9-15,14,11,8,11,9,7,100,91,67,993,991,989,10,9,3,26,11,,0.00,6,Rain,258
1998-9-16,15,12,9,10,9,6,100,85,59,993,993,992,10,10,5,29,21,,0.00,5,Rain,249
1998-9-17,17,12,8,12,9,7,100,86,68,1009,1001,993,10,9,1,14,8,,0.00,3,Fog,247
1998-9-18,16,11,7,13,11,7,100,90,77,1025,1017,1010,10,9,0,23,13,,0.00,5,Fog,271
1998-9-19,15,12,10,14,11,9,100,94,88,1032,1028,1025,10,8,2,14,10,,0.00,6,Fog-Rain,207
1998-9-20,18,14,11,15,12,10,100,92,77,1037,1035,1033,10,5,1,11,6,,0.00,4,Fog,140
1998-9-21,14,12,10,13,11,9,100,92,77,1037,1036,1033,10,5,0,14,6,,0.00,7,Fog,274
1998-9-22,16,13,12,13,12,11,100,92,82,1033,1030,1027,10,6,2,14,10,,0.00,7,,284
1998-9-23,14,12,11,13,11,10,100,94,88,1028,1028,1027,10,7,4,10,6,,0.00,7,,323
1998-9-24,15,13,12,12,11,9,94,90,77,1027,1025,1022,10,9,4,10,6,,0.00,7,,191
1998-9-25,15,13,12,13,12,10,94,90,82,1022,1018,1014,10,10,10,23,14,,0.00,7,,94
1998-9-26,18,14,11,15,12,10,100,92,77,1014,1010,1008,10,7,2,19,13,,0.00,5,,97
1998-9-27,17,14,12,15,13,11,94,93,82,1008,1006,1005,6,4,2,19,10,,0.00,6,,116
1998-9-28,15,14,13,14,13,11,94,93,88,1009,1006,1005,10,4,3,26,14,45,0.00,6,Rain,94
1998-9-29,15,13,11,13,11,9,94,88,77,1015,1011,1009,10,10,10,34,19,53,0.00,6,,79
1998-9-30,13,11,10,9,6,2,88,72,54,1019,1017,1015,10,10,10,39,26,61,0.00,6,,69
1998-10-1,11,9,8,7,4,1,93,72,50,1022,1020,1019,10,10,10,39,31,60,0.00,6,,77
1998-10-2,10,8,7,7,4,1,93,76,54,1023,1022,1021,10,10,10,40,29,61,0.00,6,Rain,66
1998-10-3,11,8,6,5,3,2,93,73,54,1021,1018,1016,10,10,10,40,27,63,0.00,5,Rain,79
1998-10-4,8,7,6,6,6,4,100,89,81,1016,1015,1014,10,9,4,27,24,,0.00,6,Rain,89
1998-10-5,11,9,7,7,6,4,100,84,67,1024,1019,1015,10,10,10,29,21,,0.00,5,,66
1998-10-6,12,9,6,8,6,4,100,87,71,1029,1027,1024,10,10,10,35,23,53,0.00,5,Rain,64
1998-10-7,11,9,8,8,6,4,100,77,66,1029,1025,1022,10,10,5,45,32,71,0.00,6,Rain,89
1998-10-8,10,9,8,8,7,6,100,90,76,1024,1022,1020,10,9,4,29,23,,0.00,6,Rain,79
1998-10-9,10,9,8,9,8,8,100,96,93,1023,1016,1007,5,3,0,26,13,,0.00,6,Fog,181
1998-10-10,14,11,9,11,9,8,100,94,77,1006,997,993,10,7,3,34,26,,0.00,6,Rain,224
1998-10-11,12,9,7,9,8,6,100,90,71,998,995,992,10,9,5,47,29,64,0.00,6,Rain,253
1998-10-12,12,8,5,8,6,4,100,87,67,1003,996,993,10,10,6,35,27,,0.00,2,Rain,251
1998-10-13,12,7,2,9,6,1,100,88,67,1013,1009,1003,10,9,0,26,14,50,0.00,1,Fog,261
1998-10-14,13,11,9,12,10,8,100,95,87,1011,1004,999,10,7,3,39,29,55,0.00,6,Rain,224
1998-10-15,11,9,7,9,7,4,94,85,71,1010,1008,1007,10,10,6,39,29,60,0.00,3,Rain,253
1998-10-16,11,8,6,8,5,1,100,79,50,1017,1014,1006,10,10,8,37,27,39,0.00,3,Rain,243
1998-10-17,14,11,8,12,11,8,100,94,87,1005,996,992,10,7,3,39,32,61,0.00,6,Rain,208
1998-10-18,10,8,5,8,3,1,93,76,58,1013,1004,993,10,10,10,50,37,76,0.00,2,Rain,264
1998-10-19,10,8,5,6,5,3,100,83,62,1013,1012,1008,10,10,8,39,27,53,0.00,4,Rain,225
1998-10-20,10,8,5,6,4,3,100,83,66,1016,1009,1006,10,10,10,37,24,55,0.00,3,Rain,259
1998-10-21,11,7,3,10,6,3,100,94,81,1017,1012,1005,10,8,4,40,24,63,0.00,5,Rain,208
1998-10-22,14,12,11,13,12,10,100,94,88,1013,1010,1005,10,7,2,35,29,,0.00,6,Rain,224
1998-10-23,14,12,9,12,11,8,100,93,82,1013,1006,1002,10,8,1,42,29,64,0.00,6,Rain,212
1998-10-24,12,8,4,10,7,3,100,94,82,1011,1006,991,10,8,1,45,13,63,0.00,4,Fog-Rain,189
1998-10-25,11,10,9,10,8,6,100,93,82,990,979,975,10,9,5,58,42,82,0.00,5,Rain,192
1998-10-26,10,8,6,7,5,3,93,85,66,1001,993,983,10,10,10,60,45,82,0.00,5,Rain,245
1998-10-27,9,7,5,8,6,4,100,93,87,1003,996,983,10,9,4,50,32,77,0.00,4,Rain,218
1998-10-28,8,6,4,7,5,3,100,92,81,985,981,974,10,9,4,39,29,66,0.00,3,Rain,258
1998-10-29,9,7,6,7,6,4,100,89,76,991,986,983,10,10,10,50,35,71,0.00,3,Rain,253
1998-10-30,9,7,6,6,4,4,100,85,71,996,993,991,10,10,10,42,35,64,0.00,3,Rain,267
1998-10-31,7,6,5,5,4,4,100,91,87,997,996,995,10,10,10,34,27,50,0.00,4,Rain,258
1998-11-1,7,3,1,6,3,1,100,93,81,998,994,992,10,9,1,21,13,,0.00,4,Fog-Rain,290
1998-11-2,6,2,-1,3,1,-2,100,90,76,1004,1002,998,10,10,10,19,11,,0.00,2,,1
1998-11-3,3,2,1,2,1,1,100,94,87,1003,996,994,10,10,10,34,24,52,0.00,6,Rain-Snow,72
1998-11-4,3,2,2,3,2,1,100,96,93,997,994,992,10,10,10,34,27,,0.00,7,Rain-Snow,47
1998-11-5,5,2,0,4,2,-1,100,93,81,1005,1002,997,10,10,4,26,18,,0.00,5,Rain-Snow,260
1998-11-6,7,4,3,6,3,0,100,91,81,1020,1006,996,10,10,8,39,26,69,0.00,4,Rain,267
1998-11-7,6,3,0,5,2,-1,100,91,81,1026,1024,1020,10,10,10,29,16,,0.00,5,Rain,250
1998-11-8,6,4,4,6,4,1,100,92,76,1026,1024,1023,10,7,1,34,23,,0.00,7,Fog,111
1998-11-9,5,4,3,4,2,0,100,86,70,1025,1020,1013,10,9,3,48,31,69,0.00,6,Rain,124
1998-11-10,6,6,5,5,5,4,100,95,93,1012,1011,1008,8,3,1,29,21,,0.00,7,Rain,132
1998-11-11,8,6,3,6,4,2,100,90,76,1012,1011,1008,10,9,4,34,23,47,0.00,5,Rain,273
1998-11-12,5,4,3,4,3,2,100,93,87,1011,1009,1008,10,10,7,26,19,,0.00,6,Rain,338
1998-11-13,6,4,3,4,3,1,100,91,81,1011,1010,1008,10,10,10,24,11,37,0.00,6,,114
1998-11-14,5,4,4,3,3,1,93,90,81,1008,1006,1005,10,9,6,34,24,40,0.00,6,Rain,104
1998-11-15,4,2,1,3,1,0,100,92,87,1015,1011,1007,10,10,7,34,26,,0.00,6,Rain-Snow,50
1998-11-16,2,1,0,0,0,-1,100,92,87,1023,1019,1015,10,9,4,32,26,,0.00,6,Rain-Snow,22
1998-11-17,1,0,-1,-1,-3,-8,93,83,60,1025,1024,1023,10,10,10,29,26,39,0.00,6,Snow,347
1998-11-18,0,-1,-2,-3,-6,-7,86,71,60,1024,1023,1022,10,10,10,34,23,,0.00,5,Snow,352
1998-11-19,0,-1,-2,-2,-3,-4,93,89,80,1031,1026,1023,10,10,10,26,21,,0.00,4,,19
1998-11-20,0,-2,-5,-4,-5,-6,93,82,69,1040,1036,1031,10,10,10,32,19,,0.00,2,,348
1998-11-21,1,-4,-8,-2,-4,-8,100,87,70,1041,1040,1039,10,10,10,32,14,,0.00,3,Fog,231
1998-11-22,1,-1,-3,-3,-4,-8,100,82,60,1039,1036,1033,10,8,6,27,23,,0.00,6,,185
1998-11-23,2,0,-2,0,-1,-3,100,94,87,1033,1030,1025,10,7,5,24,18,,0.00,6,Snow,114
1998-11-24,1,0,0,0,-1,-1,100,95,93,1025,1023,1021,6,4,2,23,14,,0.00,7,Rain-Snow,197
1998-11-25,1,0,0,1,0,0,100,96,93,1021,1019,1018,3,2,1,11,3,,0.00,6,Rain-Snow,228
1998-11-26,1,0,0,1,1,0,100,97,93,1019,1017,1014,6,3,2,16,6,,0.00,6,Rain-Snow,155
1998-11-27,2,1,0,1,0,0,100,94,93,1022,1017,1013,8,5,3,19,14,,0.00,7,,79
1998-11-28,2,1,1,1,1,0,100,93,87,1023,1022,1021,10,8,3,24,11,,0.00,7,,117
1998-11-29,3,2,2,2,2,0,100,92,87,1027,1022,1020,10,5,2,24,16,,0.00,6,,100
1998-11-30,3,2,1,2,1,0,100,95,87,1038,1032,1027,10,9,4,21,14,,0.00,5,Rain,58
1998-12-1,3,0,-2,1,-1,-3,100,92,81,1042,1041,1038,10,9,0,16,11,,0.00,3,Fog,101
1998-12-2,1,-2,-4,-1,-3,-4,100,90,75,1041,1037,1032,10,9,0,19,11,,0.00,3,Fog,124
1998-12-3,-1,-3,-4,-2,-3,-4,100,97,93,1031,1021,1012,10,3,0,21,16,,0.00,6,Fog,199
1998-12-4,0,-2,-3,-1,-2,-3,100,96,93,1011,1002,994,5,3,1,19,14,,0.00,7,Snow,214
1998-12-5,1,0,-1,0,-1,-2,100,95,93,995,992,991,10,5,1,27,8,,0.00,6,Fog-Snow,302
1998-12-6,0,-2,-3,-1,-3,-6,100,88,80,1010,1003,995,10,7,3,50,34,63,0.00,7,Snow,348
1998-12-7,-2,-3,-5,-4,-5,-6,93,86,80,1024,1017,1010,10,10,10,47,31,64,0.00,4,Snow,338
1998-12-8,0,-3,-7,-2,-5,-8,100,89,75,1029,1027,1024,10,10,10,23,16,,0.00,1,Fog,304
1998-12-9,0,-4,-9,0,-5,-10,100,96,93,1028,1027,1027,10,7,1,13,6,,0.00,2,Fog,210
1998-12-10,0,-2,-5,0,-2,-6,100,96,93,1027,1027,1026,10,6,0,29,13,,0.00,3,Fog-Snow,138
1998-12-11,0,-2,-5,-1,-4,-6,100,90,80,1026,1024,1022,10,10,8,29,23,48,0.00,6,Snow,139
1998-12-12,2,-2,-6,1,-3,-7,100,95,93,1022,1017,1009,8,3,0,26,14,,0.00,7,Fog-Rain,181
1998-12-13,4,2,1,2,2,0,100,93,81,1016,1004,997,10,6,1,45,24,71,0.00,6,Fog-Rain-Snow,258
1998-12-14,5,3,2,5,3,1,100,96,87,1021,1019,1016,10,3,0,34,23,52,0.00,6,Fog-Rain,237
1998-12-15,7,6,4,7,5,3,100,95,93,1018,1017,1016,8,2,0,29,24,,0.00,6,Fog,244
1998-12-16,7,4,3,5,3,2,100,91,76,1023,1019,1016,10,8,0,39,21,58,0.00,5,Fog-Rain,262
1998-12-17,5,3,1,5,3,1,100,95,93,1022,1019,1015,9,4,1,34,24,,0.00,6,,234
1998-12-18,6,3,1,5,3,0,100,93,75,1014,1010,1008,10,6,1,35,23,,0.00,6,,225
1998-12-19,4,3,3,4,3,2,100,95,93,1008,999,995,10,3,0,24,16,,0.00,7,Fog-Rain,232
1998-12-20,3,0,-2,3,-1,-4,100,87,70,1004,999,996,10,10,6,29,18,48,0.00,5,Rain-Snow,292
1998-12-21,1,-2,-4,-1,-5,-7,100,79,60,1019,1011,1004,10,10,10,27,16,,0.00,3,,309
1998-12-22,1,-2,-5,0,-4,-8,93,80,69,1023,1022,1019,10,10,10,23,13,,0.00,4,,138
1998-12-23,3,1,0,2,1,-2,100,95,87,1023,1020,1016,10,5,0,32,23,,0.00,7,Fog-Rain,203
1998-12-24,3,2,1,2,1,0,100,95,87,1015,1013,1012,10,6,2,32,24,45,0.00,6,Rain-Snow,219
1998-12-25,6,3,2,5,3,1,100,96,93,1014,1009,1004,10,5,1,45,32,61,0.00,6,Rain-Snow,221
1998-12-26,6,4,3,5,3,1,100,89,76,1005,1000,994,10,9,3,55,37,87,0.00,6,Rain,226
1998-12-27,7,4,3,5,2,0,100,80,66,999,994,988,10,9,5,58,39,84,0.00,6,Rain,223
1998-12-28,7,6,4,6,5,3,100,93,87,1007,1002,997,10,9,2,40,27,61,0.00,6,Rain,227
1998-12-29,6,3,0,3,2,-1,100,90,76,1023,1016,1007,10,7,0,40,26,53,0.00,4,Fog-Rain,239
1998-12-30,4,2,1,2,1,0,100,91,81,1024,1021,1020,10,5,0,40,24,39,0.00,5,Fog,137
1998-12-31,2,1,0,0,-1,-1,100,90,81,1021,1019,1017,8,5,2,35,31,,0.00,7,,151